{
 "A": {
  "bal": 25167.880459770113,
  "pos": {
   "POLYX": {
    "entry": 0.0374,
    "notional": 1666.6666666666667,
    "ts": 1782273600000,
    "age": 2,
    "peak": 0.0391,
    "half": false,
    "tier": "VERIFY",
    "last_check": 1784067300000
   },
   "STX": {
    "entry": 0.1694,
    "notional": 1666.6666666666667,
    "ts": 1782316800000,
    "age": 0,
    "peak": 0.1786,
    "half": false,
    "tier": "WATCH",
    "last_check": 1784067300000
   },
   "SEI": {
    "entry": 0.05343,
    "notional": 1666.6666666666667,
    "ts": 1782316800000,
    "age": 0,
    "peak": 0.05977,
    "half": false,
    "tier": "WATCH",
    "last_check": 1784067300000
   }
  },
  "closed": [
   {
    "sym": "PENDLE",
    "ret": 19.81,
    "pnl": 330.13,
    "why": "TP +20%",
    "xts": 1782955800000,
    "entry_ts": 1782316800000
   },
   {
    "sym": "ALGO",
    "ret": -9.74,
    "pnl": -162.25,
    "why": "21d time-exit",
    "xts": 1784030400000,
    "entry_ts": 1782216000000
   }
  ],
  "last_entry": {
   "ALGO": 1782216000000,
   "POLYX": 1782273600000,
   "PENDLE": 1782316800000,
   "STX": 1782316800000,
   "SEI": 1782316800000
  }
 },
 "B": {
  "bal": 25209.480459770115,
  "pos": {
   "POLYX": {
    "entry": 0.0374,
    "notional": 1666.6666666666667,
    "ts": 1782273600000,
    "age": 2,
    "peak": 0.0391,
    "half": false,
    "tier": "VERIFY",
    "last_check": 1784067300000
   },
   "STX": {
    "entry": 0.1694,
    "notional": 1666.6666666666667,
    "ts": 1782316800000,
    "age": 0,
    "peak": 0.1786,
    "half": false,
    "tier": "WATCH",
    "last_check": 1784067300000
   },
   "SEI": {
    "entry": 0.05343,
    "notional": 1666.6666666666667,
    "ts": 1782316800000,
    "age": 0,
    "peak": 0.05977,
    "half": false,
    "tier": "WATCH",
    "last_check": 1784067300000
   }
  },
  "closed": [
   {
    "sym": "PENDLE",
    "ret": 17.81,
    "pnl": 148.43,
    "why": "booked \u00bd @ +18%",
    "xts": 1782946800000,
    "entry_ts": 1782316800000
   },
   {
    "sym": "PENDLE",
    "ret": 26.8,
    "pnl": 223.31,
    "why": "runner +27%",
    "xts": 1783579500000,
    "entry_ts": 1782316800000
   },
   {
    "sym": "ALGO",
    "ret": -9.74,
    "pnl": -162.25,
    "why": "21d time-exit",
    "xts": 1784030400000,
    "entry_ts": 1782216000000
   }
  ],
  "last_entry": {
   "ALGO": 1782216000000,
   "POLYX": 1782273600000,
   "PENDLE": 1782316800000,
   "STX": 1782316800000,
   "SEI": 1782316800000
  }
 },
 "candle": 1782331200,
 "last_4h": 1784059200,
 "hb_date": "2026-07-14"
}