{
 "A": {
  "bal": 25000.0,
  "pos": {
   "ALGO": {
    "entry": 0.0928,
    "notional": 1666.6666666666667,
    "ts": 1782216000000,
    "age": 4,
    "peak": 0.0942,
    "half": false,
    "tier": "CORE",
    "last_check": 1782901800000
   },
   "POLYX": {
    "entry": 0.0374,
    "notional": 1666.6666666666667,
    "ts": 1782273600000,
    "age": 2,
    "peak": 0.0384,
    "half": false,
    "tier": "VERIFY",
    "last_check": 1782901800000
   },
   "PENDLE": {
    "entry": 1.227,
    "notional": 1666.6666666666667,
    "ts": 1782316800000,
    "age": 0,
    "peak": 1.391,
    "half": false,
    "tier": "VERIFY",
    "last_check": 1782901800000
   },
   "STX": {
    "entry": 0.1694,
    "notional": 1666.6666666666667,
    "ts": 1782316800000,
    "age": 0,
    "peak": 0.1762,
    "half": false,
    "tier": "WATCH",
    "last_check": 1782901800000
   },
   "SEI": {
    "entry": 0.05343,
    "notional": 1666.6666666666667,
    "ts": 1782316800000,
    "age": 0,
    "peak": 0.05977,
    "half": false,
    "tier": "WATCH",
    "last_check": 1782901800000
   }
  },
  "closed": [],
  "last_entry": {
   "ALGO": 1782216000000,
   "POLYX": 1782273600000,
   "PENDLE": 1782316800000,
   "STX": 1782316800000,
   "SEI": 1782316800000
  }
 },
 "B": {
  "bal": 25000.0,
  "pos": {
   "ALGO": {
    "entry": 0.0928,
    "notional": 1666.6666666666667,
    "ts": 1782216000000,
    "age": 4,
    "peak": 0.0942,
    "half": false,
    "tier": "CORE",
    "last_check": 1782901800000
   },
   "POLYX": {
    "entry": 0.0374,
    "notional": 1666.6666666666667,
    "ts": 1782273600000,
    "age": 2,
    "peak": 0.0384,
    "half": false,
    "tier": "VERIFY",
    "last_check": 1782901800000
   },
   "PENDLE": {
    "entry": 1.227,
    "notional": 1666.6666666666667,
    "ts": 1782316800000,
    "age": 0,
    "peak": 1.391,
    "half": false,
    "tier": "VERIFY",
    "last_check": 1782901800000
   },
   "STX": {
    "entry": 0.1694,
    "notional": 1666.6666666666667,
    "ts": 1782316800000,
    "age": 0,
    "peak": 0.1762,
    "half": false,
    "tier": "WATCH",
    "last_check": 1782901800000
   },
   "SEI": {
    "entry": 0.05343,
    "notional": 1666.6666666666667,
    "ts": 1782316800000,
    "age": 0,
    "peak": 0.05977,
    "half": false,
    "tier": "WATCH",
    "last_check": 1782901800000
   }
  },
  "closed": [],
  "last_entry": {
   "ALGO": 1782216000000,
   "POLYX": 1782273600000,
   "PENDLE": 1782316800000,
   "STX": 1782316800000,
   "SEI": 1782316800000
  }
 },
 "candle": 1782331200,
 "last_4h": 1782892800,
 "hb_date": "2026-07-01"
}