{
 "A": {
  "bal": 25330.13333333333,
  "pos": {
   "ALGO": {
    "entry": 0.0928,
    "notional": 1666.6666666666667,
    "ts": 1782216000000,
    "age": 4,
    "peak": 0.0942,
    "half": false,
    "tier": "CORE",
    "last_check": 1783817100000
   },
   "POLYX": {
    "entry": 0.0374,
    "notional": 1666.6666666666667,
    "ts": 1782273600000,
    "age": 2,
    "peak": 0.0391,
    "half": false,
    "tier": "VERIFY",
    "last_check": 1783817100000
   },
   "STX": {
    "entry": 0.1694,
    "notional": 1666.6666666666667,
    "ts": 1782316800000,
    "age": 0,
    "peak": 0.1774,
    "half": false,
    "tier": "WATCH",
    "last_check": 1783817100000
   },
   "SEI": {
    "entry": 0.05343,
    "notional": 1666.6666666666667,
    "ts": 1782316800000,
    "age": 0,
    "peak": 0.05977,
    "half": false,
    "tier": "WATCH",
    "last_check": 1783817100000
   }
  },
  "closed": [
   {
    "sym": "PENDLE",
    "ret": 19.81,
    "pnl": 330.13,
    "why": "TP +20%",
    "xts": 1782955800000,
    "entry_ts": 1782316800000
   }
  ],
  "last_entry": {
   "ALGO": 1782216000000,
   "POLYX": 1782273600000,
   "PENDLE": 1782316800000,
   "STX": 1782316800000,
   "SEI": 1782316800000
  }
 },
 "B": {
  "bal": 25371.733333333334,
  "pos": {
   "ALGO": {
    "entry": 0.0928,
    "notional": 1666.6666666666667,
    "ts": 1782216000000,
    "age": 4,
    "peak": 0.0942,
    "half": false,
    "tier": "CORE",
    "last_check": 1783817100000
   },
   "POLYX": {
    "entry": 0.0374,
    "notional": 1666.6666666666667,
    "ts": 1782273600000,
    "age": 2,
    "peak": 0.0391,
    "half": false,
    "tier": "VERIFY",
    "last_check": 1783817100000
   },
   "STX": {
    "entry": 0.1694,
    "notional": 1666.6666666666667,
    "ts": 1782316800000,
    "age": 0,
    "peak": 0.1774,
    "half": false,
    "tier": "WATCH",
    "last_check": 1783817100000
   },
   "SEI": {
    "entry": 0.05343,
    "notional": 1666.6666666666667,
    "ts": 1782316800000,
    "age": 0,
    "peak": 0.05977,
    "half": false,
    "tier": "WATCH",
    "last_check": 1783817100000
   }
  },
  "closed": [
   {
    "sym": "PENDLE",
    "ret": 17.81,
    "pnl": 148.43,
    "why": "booked \u00bd @ +18%",
    "xts": 1782946800000,
    "entry_ts": 1782316800000
   },
   {
    "sym": "PENDLE",
    "ret": 26.8,
    "pnl": 223.31,
    "why": "runner +27%",
    "xts": 1783579500000,
    "entry_ts": 1782316800000
   }
  ],
  "last_entry": {
   "ALGO": 1782216000000,
   "POLYX": 1782273600000,
   "PENDLE": 1782316800000,
   "STX": 1782316800000,
   "SEI": 1782316800000
  }
 },
 "candle": 1782331200,
 "last_4h": 1783814400,
 "hb_date": "2026-07-12"
}